op 10 no 1 etude,frederic chopin
op 10 no 2 etude,frederic chopin
op 10 no 4 etude,frederic chopin
op 10 no 5 etude,frederic chopin
op 10 no 8 etude,frederic chopin
op 10 no 12 etude,frederic chopin
op 25 no 4 etude,frederic chopin
op 25 no 6 etude,frederic chopin
op 25 no 11 etude,frederic chopin
mazurka in g minor ,frederic chopin
nocturne in e flat major,frederic chopin
a minor waltz,frederic chopin
ballade 1 ,frederic chopin
moonlight movement 1,ludwig van beethoven
moonlight mvmt 1,ludwig van beethoven
moonlight movement 3 ,ludwig van beethoven
moonlight mvmt 3 ,ludwig van beethoven
fur elise ,ludwig van beethoven
k545,wolfgang amadeus mozart
rondo alla turca,wolfgang amadeus mozart
invention 8,johann sebastian bach
invention 4 ,johann sebastian bach
minuet in g,johann sebastian bach
minuet in g anh 114,johann sebastian bach
little hunters song,robert schumann
little red hiding hood,sergei rachmaninoff
gymnopedie 1 ,erik satie
im good,david guetta
unholy,sam smith
cuff it,beyonce
i aint worried,onerepublic
titi me pregunto,bad bunny
calm down,rema
super freaky girl,nicki minaj
la bachata,manuel turizo
hold me closer,elton john
snap,rosa linn
shut down,blackpink
celestial ,ed sheeran
